{"_step":72,"train/global_step":6735,"eval/f1":0.9995739241585002,"eval/runtime":45.5992,"_runtime":3904,"eval/loss":0.00487967673689127,"eval/accuracy":0.999554565701559,"eval/roc_auc":1,"train_loss":0.012784762689648451,"train/loss":0,"eval/samples_per_second":98.467,"total_flos":1.417563432963072e+16,"train_runtime":3830.1046,"train_samples_per_second":28.133,"eval/steps_per_second":3.092,"train_steps_per_second":1.758,"eval/recall":0.9991482112436116,"train/grad_norm":0.00012664204405155033,"_timestamp":1.761170528247906e+09,"eval/precision":1,"_wandb":{"runtime":3904},"train/learning_rate":1.1879227850189738e-07,"train/epoch":3}